,budget,delta accuracy
0,0.1212788071701895,0.9942857142857143
