,budget,delta accuracy
0,0.0012983149314413265,0.98375
