,budget,delta accuracy
0,0.0012947909074344022,0.9842857142857143
