,budget,delta accuracy
0,0.12206532007334182,0.99625
